{
    "RST":[
        [
            -0.7344527625023529,
            -0.36022499674694985,
            0.5751670117203546
        ],
        [
            0.5528249791444834,
            0.17403526919574763,
            0.8149210191852123
        ],
        [
            0.39365426720227975,
            -0.9164876850207121,
            -0.0713206920802966
        ]
    ],
    "min_max_R":[
        -2.778525299227413,
        2.0300697677166073
    ],
    "min_max_S":[
        -0.08597449835076632,
        3.376377746648856
    ],
    "min_max_T":[
        0.25101288304168656,
        1.5611548352646785
    ]
}